﻿"编号","开始答题时间","结束答题时间","答题时长","地理位置国家和地区","地理位置省","地理位置市","自定义字段","1.哪张图展示的内容更吸引你呢？","2.哪张图展示的内容更吸引你呢？","3.哪张图展示的内容更吸引你呢？","4.哪张图展示的内容更吸引你呢？","5.哪张图展示的内容更吸引你呢？","6.哪张图展示的内容更吸引你呢？","7.哪张图展示的内容更吸引你呢？","8.哪张图展示的内容更吸引你呢？","9.哪张图展示的内容更吸引你呢？","10.哪张图展示的内容更吸引你呢？","11.哪张图展示的内容更吸引你呢？","12.哪张图展示的内容更吸引你呢？","13.哪张图展示的内容更吸引你呢？","14.哪张图展示的内容更吸引你呢？","15.哪张图展示的内容更吸引你呢？","16.哪张图展示的内容更吸引你呢？","17.哪张图展示的内容更吸引你呢？","18.哪张图展示的内容更吸引你呢？","19.哪张图展示的内容更吸引你呢？","20.哪张图展示的内容更吸引你呢？","21.哪张图展示的内容更吸引你呢？","22.哪张图展示的内容更吸引你呢？","23.哪张图展示的内容更吸引你呢？","24.哪张图展示的内容更吸引你呢？","25.哪张图展示的内容更吸引你呢？","26.哪张图展示的内容更吸引你呢？","27.哪张图展示的内容更吸引你呢？","28.哪张图展示的内容更吸引你呢？","29.哪张图展示的内容更吸引你呢？","30.哪张图展示的内容更吸引你呢？","31.哪张图展示的内容更吸引你呢？","32.哪张图展示的内容更吸引你呢？",
"7","21-Jun-2020 13:00:30","21-Jun-2020 13:02:44","134","中国","辽宁省","盘锦市","","C.右边","C.右边","C.右边","B.中间","A.左边","A.左边","A.左边","B.中间","A.左边","A.左边","A.左边","A.左边","C.右边","B.中间","C.右边","B.中间","B.中间","A.左边","C.右边","B.中间","C.右边","B.中间","A.左边","B.中间","C.右边","A.左边","C.右边","C.右边","A.左边","A.左边","B.中间","C.右边",
"6","21-Jun-2020 12:35:58","21-Jun-2020 12:49:06","788","中国","广东省","深圳市","","C.右边","C.右边","C.右边","A.左边","C.右边","A.左边","C.右边","C.右边","C.右边","B.中间","B.中间","A.左边","B.中间","B.中间","B.中间","C.右边","A.左边","C.右边","B.中间","C.右边","A.左边","C.右边","B.中间","B.中间","B.中间","C.右边","B.中间","A.左边","A.左边","A.左边","B.中间","C.右边",
"5","21-Jun-2020 12:41:25","21-Jun-2020 12:44:30","185","美国","","","","A.左边","C.右边","C.右边","C.右边","A.左边","A.左边","B.中间","C.右边","C.右边","A.左边","C.右边","C.右边","B.中间","C.右边","B.中间","C.右边","A.左边","A.左边","B.中间","B.中间","A.左边","C.右边","C.右边","C.右边","C.右边","B.中间","C.右边","B.中间","B.中间","B.中间","B.中间","B.中间",
"4","21-Jun-2020 12:36:16","21-Jun-2020 12:38:13","117","美国","","","","A.左边","C.右边","C.右边","C.右边","A.左边","C.右边","B.中间","B.中间","C.右边","A.左边","B.中间","A.左边","A.左边","B.中间","C.右边","C.右边","C.右边","A.左边","A.左边","B.中间","C.右边","A.左边","B.中间","A.左边","C.右边","B.中间","B.中间","C.右边","C.右边","B.中间","B.中间","C.右边",
"3","21-Jun-2020 12:33:05","21-Jun-2020 12:34:46","101","中国","浙江省","杭州市","","A.左边","C.右边","A.左边","B.中间","B.中间","A.左边","A.左边","C.右边","C.右边","C.右边","A.左边","A.左边","B.中间","B.中间","B.中间","B.中间","C.右边","A.左边","A.左边","A.左边","C.右边","B.中间","C.右边","C.右边","B.中间","B.中间","B.中间","B.中间","B.中间","C.右边","C.右边","B.中间",
"2","21-Jun-2020 12:25:17","21-Jun-2020 12:29:32","255","中国","天津市","天津市","","A.左边","C.右边","C.右边","A.左边","A.左边","B.中间","B.中间","C.右边","A.左边","C.右边","B.中间","C.右边","C.右边","A.左边","B.中间","C.右边","C.右边","A.左边","A.左边","C.右边","A.左边","C.右边","C.右边","C.右边","B.中间","C.右边","C.右边","B.中间","A.左边","A.左边","C.右边","B.中间",
"1","21-Jun-2020 12:23:16","21-Jun-2020 12:25:45","149","美国","","","","A.左边","B.中间","C.右边","A.左边","B.中间","B.中间","C.右边","B.中间","C.右边","A.左边","C.右边","A.左边","B.中间","C.右边","B.中间","C.右边","C.右边","A.左边","A.左边","A.左边","A.左边","C.右边","B.中间","C.右边","C.右边","A.左边","B.中间","B.中间","B.中间","A.左边","C.右边","C.右边",
